date,AMD,AZN,CNY,EUR,GBP,JPY,RUB,TRY,USD
2023-09-12,0.0067997,1.5454,0.35946,2.8157,3.2837,0.017868,0.02724,0.0976,2.6234
2023-09-13,0.0068066,1.5457,0.3598599999999999,2.8109,3.2706,0.017853,0.02769,0.0975,2.6238
2023-09-14,0.0068182,1.5486,0.3609799999999999,2.8211,3.2745,0.017828,0.027462,0.0975,2.6282
2023-09-15,0.0068379,1.5534,0.36222,2.8305,3.2887,0.017898,0.02743,0.0978,2.6362
2023-09-16,0.0068185,1.5479,0.36182,2.8076,3.2695,0.017802,0.0273209999999999,0.0976,2.6333
2023-09-19,0.0068311,1.5533,0.36132,2.8131,3.2707,0.017857,0.02732,0.0976,2.636
2023-09-20,0.0068446,1.5526,0.36229,2.8271,3.274,0.017891,0.027467,0.0977,2.6412
2023-09-21,0.0069152,1.5724,0.36662,2.8631,3.3071,0.0180929999999999,0.027655,0.0989,2.675
2023-09-22,0.0069469,1.58,0.36791,2.8637,3.3067,0.018181,0.027982,0.0995,2.6879
2023-09-23,0.0069382,1.5801,0.36717,2.8521,3.2842,0.0180929999999999,0.0278189999999999,0.0988,2.6816
2023-09-26,0.0068387,1.5684,0.3649799999999999,2.8381,3.2647,0.01795,0.027748,0.0981,2.6681
2023-09-27,0.0069137,1.5714,0.36572,2.8325,3.2581,0.017955,0.027759,0.0981,2.6732
2023-09-28,0.0068603,1.5741,0.36621,2.8259,3.2522,0.017948,0.027703,0.0981,2.6778
2023-09-29,0.0068633,1.5772,0.3674,2.827,3.2719,0.017969,0.0276359999999999,0.0979,2.6832
2023-09-30,0.0067446,1.5744,0.36699,2.8422,3.2852,0.0179679999999999,0.027425,0.0977,2.6783
2023-10-03,0.0066323,1.576,0.36737,2.8259,3.2602,0.01791,0.027215,0.0976,2.6811
2023-10-04,0.0065132,1.5755,0.3672499999999999,2.8097,3.2339,0.017882,0.027007,0.0975,2.6802
2023-10-05,0.0065499999999999,1.5757,0.3673099999999999,2.8154,3.25,0.017974,0.026954,0.0972,2.6806
2023-10-06,0.0065793,1.5744,0.36699,2.817,3.2504,0.017994,0.026794,0.0972,2.6783
2023-10-07,0.006577,1.5732,0.36611,2.8215,3.2629,0.017929,0.026621,0.0967,2.6719
2023-10-10,0.0067336,1.568,0.36587,2.8078,3.2463,0.017886,0.026324,0.0963,2.6675
2023-10-11,0.0068063,1.5749,0.36709,2.8393,3.2867,0.017996,0.026757,0.0966,2.6793
2023-10-12,0.0068098,1.5845,0.36919,2.8586,3.3126,0.018132,0.026974,0.0972,2.696
2023-10-13,0.0067114,1.5857,0.36961,2.8653,3.3172,0.018092,0.0278169999999999,0.0972,2.698
2023-10-14,0.0067183,1.5859,0.36927,2.8393,3.2872,0.018037,0.027741,0.0971,2.6984
2023-10-17,0.0067502,1.5855,0.36893,2.8418,3.2791,0.018039,0.027707,0.0968,2.6977
2023-10-18,0.0066952999999999,1.5824,0.36822,2.8403,3.2725,0.018,0.027659,0.0964,2.6925
2023-10-19,0.0067036,1.5824,0.36802,2.8422,3.2789,0.017987,0.0276469999999999,0.0961,2.6925
2023-10-20,0.0067291,1.5845,0.36851,2.8445,3.2662,0.017997,0.027692,0.0963,2.696
2023-10-21,0.0067319,1.5876,0.36849,2.854,3.2689,0.017979,0.028126,0.0962,2.6958
2023-10-24,0.0067352,1.5884,0.3686,2.8595,3.2789,0.017984,0.028464,0.0962,2.6971
2023-10-25,0.006738,1.5906,0.36919,2.8703,3.3001,0.018029,0.028827,0.0961,2.6997
2023-10-26,0.0067611,1.5939,0.36971,2.8607,3.2792,0.018043,0.028986,0.0962,2.7052
2023-10-27,0.0067485,1.5942,0.36968,2.8519,3.2686,0.0180129999999999,0.028878,0.0962,2.7058
2023-10-28,0.0067398999999999,1.5929,0.36943,2.8565,3.2793,0.01802,0.029099,0.0959,2.7037
2023-10-31,0.0067502,1.5925,0.36968,2.8603,3.279,0.0180719999999999,0.028996,0.0958,2.7048
2023-11-01,0.0067706,1.5943,0.37018,2.8877,3.3012,0.0179679999999999,0.0294059999999999,0.0957,2.7079
2023-11-02,0.0067824999999999,1.5984,0.37094,2.865,3.2964,0.017958,0.029271,0.0958,2.7149
2023-11-03,0.00675,1.5958,0.37102,2.8865,3.3098,0.018059,0.029085,0.0958,2.7152
2023-11-04,0.006757,1.5975,0.37092,2.8883,3.3168,0.018064,0.029175,0.0955,2.7138
2023-11-07,0.0067252,1.5904,0.37234,2.9104,3.3607,0.018084,0.029285,0.0952,2.7061
2023-11-08,0.006729,1.5868,0.37068,2.8847,3.3207,0.017956,0.0291909999999999,0.0948,2.7
2023-11-09,0.0067367,1.5911,0.37115,2.8825,3.3119,0.017925,0.029341,0.0948,2.7025
2023-11-10,0.006746,1.5933,0.3712499999999999,2.8914,3.3237,0.017901,0.029366,0.0949,2.7048
2023-11-11,0.0067313,1.5898,0.37021,2.8819,3.2964,0.01782,0.029315,0.0945,2.6989
2023-11-14,0.0067215,1.5872,0.36993,2.8836,3.3027,0.017773,0.029279,0.0943,2.697
2023-11-15,0.0067242,1.5871,0.37018,2.8932,3.316,0.017787,0.029581,0.0942,2.6981
2023-11-16,0.0067226,1.5873,0.37282,2.9314,3.3649,0.017949,0.030369,0.0942,2.7008
2023-11-17,0.0067305,1.5875,0.37263,2.9299,3.3494,0.017859,0.030378,0.0942,2.7011
2023-11-18,0.0067252,1.586,0.37446,2.9327,3.3545,0.018073,0.030296,0.094,2.6985
2023-11-21,0.0067271,1.5847,0.37646,2.9482,3.3653,0.018181,0.030497,0.0938,2.6981
2023-11-22,0.0067506,1.5904,0.37883,2.9603,3.3929,0.018326,0.0307229999999999,0.0939,2.7037
2023-11-23,0.006767,1.594,0.37922,2.9558,3.3965,0.0181899999999999,0.030721,0.0941,2.7122
2023-11-25,0.0067629,1.5958,0.37924,2.9594,3.4081,0.018139,0.030518,0.0939,2.7128
2023-11-28,0.0067592,1.5935,0.37896,2.9697,3.4203,0.018187,0.030525,0.0938,2.7113
2023-11-29,0.0067587,1.5944,0.37924,2.9705,3.4274,0.018245,0.030574,0.0938,2.7128
2023-11-30,0.0067526999999999,1.5958,0.38044,2.9769,3.4408,0.018363,0.030503,0.0938,2.7129
2023-12-01,0.006744,1.5933,0.37945,2.9583,3.4261,0.018365,0.030567,0.0938,2.7086
2023-12-02,0.0067291,1.5898,0.37849,2.9421,3.4164,0.018258,0.030009,0.0935,2.7026
2023-12-05,0.0066691,1.5835,0.37745,2.9279,3.4126,0.018386,0.0296419999999999,0.0932,2.6943
2023-12-06,0.0066799999999999,1.5831,0.37717,2.9178,3.4032,0.018321,0.02933,0.0931,2.6937
2023-12-07,0.0066628999999999,1.58,0.37528,2.8987,3.3846,0.018231,0.028982,0.0928,2.686
2023-12-08,0.0066687,1.5745,0.37461,2.885,3.3702,0.018498,0.028884,0.0926,2.679
2023-12-09,0.0066304999999999,1.5689,0.37276,2.8793,3.359,0.018498,0.029157,0.0921,2.6695
2023-12-12,0.0066543999999999,1.5683,0.37166,2.8752,3.3531,0.018253,0.0293319999999999,0.092,2.6684
2023-12-13,0.0066263,1.5712,0.37262,2.8886,3.3626,0.0184,0.0296729999999999,0.0921,2.6734
2023-12-14,0.0066323999999999,1.5718,0.37248,2.8815,3.3458,0.018346,0.029726,0.092,2.6745
2023-12-15,0.0066409,1.5785,0.37641,2.93,3.399,0.018966,0.029844,0.0925,2.6859
2023-12-16,0.006609,1.576,0.3772,2.9406,3.429,0.018926,0.029895,0.0923,2.6816
2023-12-19,0.0066055,1.5752,0.3757,2.9252,3.395,0.018782,0.029563,0.0922,2.6802
2023-12-20,0.0066253,1.5764,0.37555,2.9338,3.4064,0.018506,0.029761,0.0922,2.6822
2023-12-21,0.0066265,1.5783,0.3761899999999999,2.9413,3.3992,0.018723,0.0296729999999999,0.0922,2.6854
2023-12-22,0.0066498,1.5799,0.376,2.943,3.3952,0.018793,0.029188,0.0922,2.6882
2023-12-23,0.0066344,1.5797,0.37707,2.9614,3.4183,0.018915,0.0292899999999999,0.092,2.6878
2023-12-26,0.0066529,1.5836,0.3770099999999999,2.9636,3.4156,0.0189009999999999,0.029143,0.0919,2.6905
2023-12-27,0.0066628999999999,1.5828,0.3765699999999999,2.9645,3.4162,0.018899,0.029146,0.0917,2.6908
2023-12-28,0.0066658,1.5835,0.3766,2.9763,3.4253,0.018881,0.029275,0.0916,2.692
2023-12-29,0.0066576,1.5827,0.3791799999999999,2.996,3.446,0.019136,0.029759,0.0914,2.693
2023-12-30,0.0066528,1.5806,0.3781899999999999,2.9753,3.4228,0.018982,0.029916,0.091,2.6894
2024-01-04,0.0066483,1.582,0.37624,2.939,3.3947,0.018852,0.029307,0.0903,2.6889
2024-01-05,0.006654,1.5808,0.37587,2.9448,3.4156,0.01865,0.029445,0.0903,2.6869
2024-01-06,0.0066517,1.5812,0.37547,2.931,3.4011,0.018494,0.029522,0.09,2.6865
2024-01-09,0.0066573,1.582,0.37543,2.9408,3.4155,0.018612,0.029558,0.0899,2.6879
2024-01-10,0.0066612,1.5797,0.37531,2.9405,3.4218,0.018664,0.029921,0.0898,2.6878
2024-01-11,0.0066524,1.5797,0.37499,2.9427,3.4198,0.0185509999999999,0.030105,0.0897,2.6879
2024-01-12,0.0066373,1.578,0.3745699999999999,2.9415,3.4182,0.01844,0.030181,0.0894,2.6826
2024-01-13,0.0066156,1.573,0.37312,2.9308,3.4103,0.018424,0.030339,0.0889,2.6741
2024-01-16,0.0065727,1.5657,0.37043,2.9067,3.381,0.018241,0.030336,0.0883,2.6582
2024-01-17,0.0065693,1.5617,0.3694,2.8917,3.3559,0.01811,0.030264,0.0883,2.6573
2024-01-18,0.0065667,1.563,0.36967,2.8911,3.3704,0.018004,0.030076,0.0883,2.6595
2024-01-19,0.0065693,1.5619,0.3695,2.8941,3.3704,0.0179679999999999,0.029924,0.0882,2.6576
2024-01-23,0.0065327,1.5643,0.36955,2.8946,3.378,0.01796,0.030239,0.0879,2.6588
2024-01-24,0.0065852,1.5669,0.37149,2.8971,3.3877,0.018007,0.0302409999999999,0.088,2.6633
2024-01-25,0.006611,1.571,0.37269,2.9089,3.4046,0.018091,0.0301969999999999,0.0882,2.6692
2024-01-26,0.0066457,1.5751,0.37337,2.9168,3.4104,0.018144,0.030141,0.0884,2.6769
2024-01-27,0.0066377,1.5721,0.3729,2.9056,3.405,0.018113,0.029857,0.0882,2.675
2024-01-30,0.0066497,1.5758,0.37279,2.8963,3.4002,0.018119,0.0298459999999999,0.0882,2.6773
2024-01-31,0.0066567999999999,1.578,0.37368,2.908,3.4019,0.018221,0.030055,0.0884,2.6827
2024-02-01,0.0066505,1.5774,0.37359,2.9044,3.3984,0.018144,0.029913,0.0883,2.6818
2024-02-02,0.0066387999999999,1.5747,0.37271,2.8902,3.3833,0.018236,0.02965,0.0882,2.6771
2024-02-03,0.0066181999999999,1.5698,0.37184,2.9042,3.4051,0.018191,0.029498,0.0876,2.6688
2024-02-06,0.0066083,1.5674,0.37021,2.8649,3.3558,0.0179509999999999,0.029199,0.0872,2.6648
2024-02-07,0.0065978,1.5659,0.37022,2.8565,3.3381,0.017901,0.029287,0.0871,2.6622
2024-02-08,0.0065863,1.5647,0.3696,2.8629,3.3583,0.017957,0.029174,0.0869,2.6592
2024-02-09,0.0065904,1.563,0.3692499999999999,2.8632,3.3535,0.0178259999999999,0.029096,0.0868,2.6573
2024-02-10,0.0065797999999999,1.5613,0.36882,2.8584,3.3455,0.0177699999999999,0.029213,0.0865,2.6543
2024-02-13,0.006533,1.5601,0.36872,2.8582,3.3473,0.017792,0.029129,0.0864,2.6524
2024-02-14,0.0065799,1.5597,0.36862,2.8569,3.3589,0.017738,0.029036,0.0863,2.6517
2024-02-15,0.0065593,1.5577,0.36815,2.8339,3.3212,0.01758,0.028964,0.0861,2.6483
2024-02-16,0.0065556,1.556,0.36773,2.8395,3.3199,0.017634,0.0287,0.086,2.6453
2024-02-17,0.0065582,1.5545,0.36744,2.8467,3.3273,0.017589,0.028474,0.0858,2.6432
2024-02-20,0.0065508,1.5555,0.36745,2.8504,3.3365,0.017636,0.0286039999999999,0.0857,2.6449
2024-02-21,0.0065594,1.5565,0.36788,2.86,3.3378,0.0176279999999999,0.028614,0.0857,2.6467
2024-02-22,0.0065678,1.5585,0.3686,2.8618,3.3436,0.017666,0.028612,0.0856,2.6501
2024-02-23,0.0065704,1.5588,0.3686,2.8774,3.3608,0.017651,0.028419,0.0854,2.6505
2024-02-24,0.006579,1.5602,0.36857,2.8708,3.36,0.0176,0.0279619999999999,0.0853,2.653
2024-02-27,0.0065697,1.5599,0.36854,2.8769,3.3631,0.017613,0.02873,0.0852,2.6525
2024-02-28,0.0065788,1.5621,0.369,2.882,3.3686,0.017681,0.028893,0.0853,2.6562
2024-02-29,0.0065896999999999,1.5647,0.36956,2.878,3.3646,0.017656,0.029008,0.0853,2.6606
2024-03-01,0.006588,1.5643,0.36964,2.8839,3.3677,0.0177289999999999,0.029277,0.0852,2.6599
2024-03-02,0.0065882,1.5641,0.3694199999999999,2.8745,3.3596,0.017686,0.029106,0.0849,2.6596
2024-03-05,0.0065895,1.5637,0.36934,2.8863,3.3708,0.017676,0.0291109999999999,0.0844,2.659
2024-03-06,0.0065879,1.5635,0.36929,2.8851,3.373,0.017676,0.029184,0.0841,2.6586
2024-03-07,0.0065923,1.564,0.36923,2.8904,3.3803,0.0177459999999999,0.029453,0.0838,2.6581
2024-03-08,0.0065883,1.5629,0.3692,2.8949,3.3884,0.017964,0.029277,0.0834,2.6576
2024-03-12,0.0065531,1.5627,0.36983,2.9068,3.4125,0.018116,0.0293259999999999,0.083,2.6573
2024-03-13,0.0065909,1.5618,0.37024,2.9052,3.3999,0.018025,0.029162,0.0829,2.657
2024-03-14,0.0065929,1.5635,0.3696,2.9061,3.4003,0.017974,0.029036,0.0828,2.6586
2024-03-15,0.0066387,1.5736,0.37218,2.9271,3.4282,0.018105,0.029226,0.0833,2.6758
2024-03-16,0.0066992,1.5871,0.37519,2.9402,3.4432,0.018148,0.029411,0.0838,2.6999
2024-03-19,0.0067282,1.5924,0.37646,2.9529,3.4498,0.018163,0.0294019999999999,0.0839,2.7098
2024-03-20,0.0067525,1.5954,0.37681,2.942,3.4409,0.018022,0.029312,0.0839,2.7128
2024-03-21,0.0067554,1.5939,0.37656,2.9383,3.4419,0.0178709999999999,0.029233,0.0837,2.7106
2024-03-22,0.0067905,1.5917,0.3759,2.9544,3.4556,0.0179119999999999,0.029538,0.0835,2.706
2024-03-23,0.0067788,1.5884,0.37348,2.9214,3.3974,0.017814,0.0289199999999999,0.0844,2.7
2024-03-26,0.006806,1.5892,0.37437,2.9215,3.4083,0.0178499999999999,0.0291239999999999,0.084,2.7003
2024-03-27,0.0068449999999999,1.5917,0.37481,2.9374,3.4249,0.017883,0.029195,0.084,2.7055
2024-03-28,0.0068425,1.5928,0.37482,2.9337,3.4215,0.017919,0.029233,0.084,2.7084
2024-03-29,0.0068429,1.5866,0.37319,2.9112,3.4035,0.01782,0.0291769999999999,0.0834,2.6978
2024-03-30,0.0068365,1.5844,0.37331,2.9063,3.4007,0.0178119999999999,0.0291109999999999,0.0833,2.6953
2024-04-02,0.0068397,1.5811,0.37199,2.8998,3.392,0.017768,0.029094,0.0829,2.6897
2024-04-03,0.0068569,1.5784,0.37057,2.8798,3.3684,0.017678,0.029013,0.0833,2.6814
2024-04-04,0.0068655,1.5787,0.37093,2.8912,3.3751,0.017689,0.0290969999999999,0.0839,2.684
2024-04-05,0.0069026,1.579,0.37098,2.9139,3.398,0.0176869999999999,0.029098,0.0842,2.6834
2024-04-06,0.0068939,1.5744,0.37029,2.9018,3.3834,0.017694,0.028983,0.0837,2.6784
2024-04-09,0.0068917,1.574,0.37023,2.9005,3.3825,0.017633,0.02895,0.0835,2.6777
2024-04-11,0.0068624,1.5722,0.36955,2.9038,3.3943,0.017605,0.0286669999999999,0.0829,2.6729
2024-04-12,0.006825,1.5713,0.36922,2.8663,3.3491,0.017452,0.028538,0.0828,2.672
2024-04-13,0.0067874999999999,1.5716,0.36904,2.8453,3.3333,0.017419,0.028573,0.0826,2.6709
2024-04-16,0.006785,1.5702,0.36884,2.845,3.3347,0.017344,0.02853,0.0824,2.6699
2024-04-17,0.0068002,1.5708,0.36899,2.8387,3.3243,0.017279,0.0284229999999999,0.0822,2.671
2024-04-18,0.0067815,1.5733,0.3696,2.8473,3.3337,0.0173019999999999,0.0283479999999999,0.0822,2.6753
2024-04-19,0.0067924,1.5719,0.3692499999999999,2.8532,3.3349,0.017308,0.028408,0.0822,2.6728
2024-04-20,0.0067967,1.5709,0.36889,2.8453,3.3223,0.0172879999999999,0.028623,0.0819,2.6711
2024-04-23,0.0068413,1.5719,0.369,2.8469,3.2968,0.01727,0.028628,0.0821,2.6729
2024-04-24,0.0068723,1.5762,0.36985,2.8555,3.3092,0.017313,0.02867,0.0822,2.6802
2024-04-25,0.0069,1.5826,0.37138,2.8756,3.346,0.01737,0.029082,0.0827,2.691
2024-04-26,0.0069171,1.5796,0.37061,2.8804,3.3603,0.017265,0.0291449999999999,0.0827,2.6859
2024-04-27,0.006844,1.5737,0.36927,2.8713,3.3479,0.017071,0.029096,0.0822,2.676
2024-04-30,0.0069073,1.5771,0.37055,2.8762,3.3635,0.01722,0.0287849999999999,0.0829,2.6835
2024-05-01,0.0069109,1.579,0.37092,2.8804,3.3677,0.01711,0.0287469999999999,0.0829,2.6849
2024-05-02,0.0068987999999999,1.5754,0.36994,2.8583,3.3442,0.016966,0.028498,0.0825,2.6788
2024-05-03,0.0069047,1.5759,0.37007,2.8684,3.3534,0.0172669999999999,0.0291719999999999,0.0828,2.6797
2024-05-04,0.006902,1.5759,0.37007,2.8777,3.3636,0.017506,0.0292519999999999,0.0828,2.6797
2024-05-08,0.0069028,1.5761,0.3713,2.8848,3.3605,0.017341,0.029378,0.0831,2.68
2024-05-09,0.0068930999999999,1.5759,0.37086,2.8812,3.3472,0.017248,0.029138,0.0831,2.6797
2024-05-11,0.0068978,1.5735,0.37032,2.8837,3.3527,0.017177,0.028914,0.0829,2.6755
2024-05-14,0.0069058999999999,1.5763,0.37044,2.8892,3.3593,0.017195,0.029266,0.0832,2.6804
2024-05-15,0.006924,1.58,0.3713499999999999,2.9005,3.373,0.017177,0.029399,0.0833,2.6866
2024-05-16,0.0070407,1.606,0.37828,2.9577,3.446,0.017535,0.029934,0.0847,2.7323
2024-05-17,0.0071124,1.6229,0.3823999999999999,3.0002,3.4972,0.017838,0.030377,0.0857,2.7596
2024-05-18,0.0071113999999999,1.6223,0.38169,2.991,3.4914,0.017695,0.030337,0.0855,2.7585
2024-05-21,0.0070991,1.6194,0.38073,2.994,3.4982,0.017683,0.030261,0.0856,2.7536
2024-05-22,0.0070426,1.604,0.37692,2.9639,3.4687,0.017458,0.030112,0.0847,2.7274
2024-05-23,0.00703,1.6031,0.37652,2.9546,3.4684,0.017423,0.030207,0.0847,2.7259
2024-05-24,0.007038,1.6028,0.3766,2.9578,3.4704,0.017401,0.0301719999999999,0.0846,2.7268
2024-05-25,0.0070323,1.6015,0.3761299999999999,2.954,3.466,0.017357,0.030347,0.0845,2.7246
2024-05-28,0.0071487999999999,1.627,0.3821299999999999,3.0058,3.5298,0.017645,0.0312409999999999,0.086,2.768
2024-05-29,0.0071909999999999,1.6389,0.38434,3.0295,3.5577,0.017754,0.031491,0.0865,2.7847
2024-05-30,0.0071979,1.6384,0.3845,3.0227,3.5531,0.017724,0.031098,0.0865,2.7874
2024-05-31,0.0071805,1.6463,0.38651,3.0259,3.5572,0.017819,0.031101,0.0866,2.7968
2024-06-01,0.0072063,1.6428,0.38597,3.0319,3.5548,0.017772,0.030972,0.0868,2.7949
2024-06-04,0.0071966,1.6407,0.38521,3.0236,3.5484,0.0178,0.031275,0.0867,2.7914
2024-06-05,0.0072011,1.644,0.3859,3.0359,3.5619,0.018057,0.031482,0.0859,2.7939
2024-06-06,0.0072124,1.6457,0.38615,3.0416,3.5744,0.017929,0.031513,0.0861,2.7984
2024-06-07,0.007269,1.6597,0.3896,3.0703,3.6082,0.018086,0.031737,0.0876,2.8222
2024-06-08,0.0072805,1.6612,0.39,3.0767,3.6142,0.018165,0.031787,0.0875,2.8247
2024-06-11,0.0073446999999999,1.6755,0.39308,3.0584,3.616,0.018163,0.032,0.0877,2.849
2024-06-12,0.0073858,1.6847,0.39488,3.0763,3.6504,0.018233,0.032128,0.0885,2.8646
2024-06-13,0.0073876,1.6857,0.39516,3.0834,3.6564,0.018217,0.032088,0.0885,2.8664
2024-06-14,0.0073932,1.6874,0.39563,3.0991,3.6664,0.018253,0.032665,0.0888,2.8693
2024-06-15,0.0073929,1.688,0.39536,3.0682,3.6471,0.018275,0.032115,0.0878,2.8688
2024-06-18,0.0073562,1.6887,0.39539,3.0723,3.6337,0.0182,0.032352,0.0873,2.8689
2024-06-19,0.0073776,1.6836,0.39449,3.068,3.6311,0.0181,0.032852,0.0877,2.8625
2024-06-20,0.0072245999999999,1.6518,0.38681,3.0151,3.5746,0.017784,0.033627,0.0862,2.8071
2024-06-21,0.0072102,1.6467,0.38567,3.0045,3.5578,0.017675,0.032467,0.0857,2.8001
2024-06-22,0.0072485,1.6459,0.38563,2.9916,3.5382,0.017613,0.031815,0.0853,2.8001
2024-06-25,0.0071874,1.6476,0.38618,3.0069,3.5504,0.017574,0.031999,0.0852,2.8031
2024-06-26,0.007271,1.6668,0.39046,3.041,3.5985,0.017793,0.03227,0.0859,2.8357
2024-06-27,0.0072766,1.6612,0.38837,3.0151,3.5733,0.017623,0.032387,0.0857,2.8221
2024-06-28,0.0073025,1.6678,0.38973,3.031,3.5842,0.017656,0.0330839999999999,0.0861,2.8327
2024-06-29,0.0072453,1.6517,0.38693,3.0082,3.5539,0.017502,0.033032,0.0854,2.8101
2024-07-02,0.0072206,1.6467,0.38547,3.0114,3.5496,0.017388,0.0321,0.0857,2.8016
2024-07-03,0.0072055999999999,1.643,0.38421,2.9937,3.5321,0.017283,0.031717,0.0854,2.7937
2024-07-04,0.0072199,1.6456,0.38491,3.0124,3.5572,0.01729,0.0317309999999999,0.0859,2.7996
2024-07-05,0.0071712,1.6384,0.3832,3.0089,3.5549,0.017294,0.031541,0.0855,2.786
2024-07-06,0.0071122,1.6239,0.38007,2.9886,3.5303,0.017178,0.031346,0.0844,2.7613
2024-07-09,0.0070616,1.6113,0.3769,2.967,3.5123,0.01702,0.031014,0.0838,2.7399
2024-07-10,0.0070541,1.6179,0.37832,2.9783,3.5266,0.01709,0.031157,0.0839,2.7511
2024-07-11,0.0070867,1.6166,0.3778,2.9748,3.5215,0.017018,0.031246,0.0835,2.7488
2024-07-12,0.0070187999999999,1.6016,0.37482,2.954,3.5065,0.016857,0.0311229999999999,0.0828,2.7233
2024-07-13,0.0070294,1.604,0.37605,2.9696,3.5336,0.017133,0.0310809999999999,0.0826,2.7274
2024-07-16,0.00699,1.5947,0.37341,2.9582,3.5182,0.017162,0.0308659999999999,0.082,2.7117
2024-07-17,0.0069485,1.585,0.3709099999999999,2.9378,3.4943,0.017014,0.030437,0.0815,2.6952
2024-07-18,0.0069523,1.5864,0.37164,2.9492,3.5151,0.017222,0.030579,0.0815,2.6975
2024-07-19,0.0069443,1.5851,0.37124,2.9476,3.5028,0.01724,0.030614,0.0815,2.6953
2024-07-20,0.0069644,1.5868,0.37138,2.9382,3.4871,0.0171459999999999,0.0307229999999999,0.0816,2.6996
2024-07-23,0.0069927999999999,1.594,0.37265,2.9516,3.5064,0.017281,0.030889,0.0822,2.7104
2024-07-24,0.0070277,1.6012,0.3744699999999999,2.9579,3.5118,0.017455,0.031313,0.0827,2.7242
2024-07-25,0.0070046,1.5968,0.37311,2.9446,3.5045,0.017566,0.031313,0.0826,2.7152
2024-07-26,0.0070065,1.5964,0.37636,2.9469,3.4979,0.017836,0.0319749999999999,0.0821,2.716
2024-07-27,0.0069543,1.5927,0.37354,2.9406,3.4864,0.017539,0.031634,0.082,2.7087
2024-07-30,0.0069978,1.596,0.37399,2.9426,3.4862,0.017659,0.031349,0.0822,2.7143
2024-07-31,0.0069779,1.6002,0.3753,2.9481,3.4992,0.017579,0.031536,0.0823,2.7214
2024-08-01,0.0069965999999999,1.5962,0.37592,2.9406,3.4846,0.018049,0.031515,0.0819,2.7147
2024-08-02,0.0069974999999999,1.5968,0.3744,2.9271,3.4673,0.018081,0.031624,0.0819,2.7133
2024-08-03,0.0069825999999999,1.592,0.37584,2.9292,3.4491,0.018197,0.031569,0.0816,2.7075
2024-08-06,0.006974,1.5911,0.37947,2.9608,3.4508,0.019001,0.031814,0.0811,2.7059
2024-08-07,0.0069604,1.5882,0.37767,2.946,3.4273,0.018647,0.031587,0.0805,2.701
2024-08-08,0.0069709,1.5903,0.37661,2.9538,3.4393,0.018388,0.0314959999999999,0.0806,2.7047
2024-08-09,0.0069784,1.5916,0.37734,2.9566,3.4341,0.018504,0.03113,0.0808,2.7068
2024-08-10,0.0069479,1.5856,0.37609,2.9451,3.4388,0.018325,0.030474,0.0803,2.6967
2024-08-13,0.0069393,1.5842,0.37531,2.9431,3.4373,0.018277,0.029668,0.0803,2.6942
2024-08-14,0.0069453,1.5856,0.37627,2.9458,3.4471,0.018265,0.0291909999999999,0.0804,2.6966
2024-08-15,0.0069287,1.5833,0.37706,2.9676,3.4582,0.01832,0.0299469999999999,0.0802,2.6927
2024-08-16,0.0069379,1.5833,0.37616,2.9648,3.4613,0.01829,0.030266,0.08,2.6928
2024-08-17,0.006927,1.5819,0.37548,2.9566,3.4713,0.018121,0.030249,0.0799,2.6903
2024-08-20,0.0069238999999999,1.5812,0.37646,2.9677,3.4848,0.0183769999999999,0.030026,0.0797,2.6891
2024-08-21,0.0069539,1.5878,0.37784,2.9913,3.5107,0.018439,0.029528,0.0798,2.6995
2024-08-22,0.0069699,1.5928,0.3794,3.0106,3.5289,0.018527,0.029449,0.0798,2.7064
2024-08-23,0.0069854,1.5934,0.3796,3.0196,3.5562,0.0185779999999999,0.029806,0.0799,2.7099
2024-08-24,0.0069573,1.5866,0.37801,3.0004,3.5397,0.018475,0.029415,0.0793,2.6977
2024-08-27,0.0069604,1.589,0.37929,3.0159,3.5613,0.018742,0.02939,0.0794,2.6998
2024-08-28,0.0069589,1.587,0.3787,3.0134,3.5681,0.018638,0.029645,0.0793,2.699
2024-08-30,0.0069114,1.5844,0.37944,2.9865,3.5516,0.018622,0.0295089999999999,0.079,2.692
2024-08-31,0.0069424,1.5823,0.37953,2.9809,3.5447,0.018531,0.0295549999999999,0.079,2.6911
2024-09-03,0.0069431,1.5819,0.37814,2.9758,3.5325,0.018324,0.030018,0.0791,2.6896
2024-09-04,0.006948,1.5836,0.37785,2.9699,3.5298,0.018428,0.03039,0.0792,2.6906
2024-09-05,0.0069564,1.585,0.3787399999999999,2.9792,3.535,0.018566,0.030089,0.0792,2.6956
2024-09-06,0.006965,1.587,0.38006,2.9931,3.5501,0.018788,0.029887,0.0793,2.6972
2024-09-07,0.0069465,1.5838,0.38028,2.9925,3.5487,0.018857,0.029961,0.0792,2.6935
2024-09-10,0.0069478,1.5862,0.37867,2.9752,3.5247,0.018755,0.029715,0.0791,2.6949
2024-09-11,0.0069523,1.5852,0.37869,2.9755,3.53,0.018835,0.02956,0.0792,2.6959
2024-09-12,0.0069555,1.5858,0.3792,2.9786,3.5271,0.019048,0.029597,0.0793,2.697
2024-09-13,0.0069591,1.5866,0.37892,2.9742,3.523,0.01891,0.0295129999999999,0.0794,2.6984
2024-09-14,0.0069703,1.5866,0.38042,2.9939,3.5446,0.019211,0.029708,0.0795,2.6984
2024-09-17,0.0069615,1.5867,0.38022,3.001,3.562,0.019264,0.029626,0.0794,2.6985
2024-09-18,0.0069687,1.5875,0.3803999999999999,3.006,3.5672,0.019194,0.029577,0.0793,2.6998
2024-09-19,0.0070025,1.5956,0.38313,3.0211,3.5868,0.01916,0.029547,0.0796,2.7136
2024-09-20,0.0070305,1.6015,0.38552,3.0431,3.6145,0.019057,0.0293,0.0801,2.7236
2024-09-21,0.0070401,1.6039,0.38668,3.0441,3.6243,0.018928,0.029473,0.08,2.7277
2024-09-24,0.0070275,1.6022,0.3863,3.029,3.6249,0.019014,0.029278,0.0798,2.7249
2024-09-25,0.0070346,1.6032,0.38771,3.0347,3.6457,0.018948,0.029286,0.0799,2.7266
2024-09-26,0.0070372,1.6037,0.38824,3.0498,3.6461,0.018917,0.02951,0.0799,2.7269
2024-09-27,0.0070422,1.6046,0.38912,3.0428,3.6491,0.018872,0.029409,0.0799,2.7285
2024-09-28,0.0070507999999999,1.6053,0.38932,3.048,3.6551,0.019065,0.029399,0.0799,2.7297
2024-10-01,0.0070433,1.6059,0.38933,3.0532,3.6544,0.019136,0.029334,0.0799,2.73
2024-10-02,0.0070126,1.6063,0.38916,3.028,3.638,0.0190019999999999,0.0291929999999999,0.0799,2.7314
2024-10-03,0.0070521,1.6074,0.38935,3.0251,3.6296,0.018884,0.028927,0.0798,2.7327
2024-10-04,0.0070668,1.6076,0.38946,3.0175,3.5861,0.018614,0.028723,0.08,2.7335
2024-10-05,0.00707,1.6087,0.38973,3.0177,3.6031,0.018668,0.028748,0.0799,2.7354
2024-10-08,0.0070478,1.6148,0.3911099999999999,3.0106,3.5873,0.018477,0.02851,0.0801,2.7451
2024-10-09,0.0070464,1.6014,0.38607,2.9909,3.5655,0.018402,0.028291,0.0795,2.723
2024-10-10,0.0070341,1.603,0.3857,2.9885,3.5679,0.018352,0.028077,0.0796,2.7257
2024-10-11,0.0070335,1.6029,0.38525,2.9803,3.5636,0.018312,0.02799,0.0797,2.7255
2024-10-12,0.0070377999999999,1.6033,0.38576,2.9804,3.56,0.018292,0.028367,0.0795,2.7263
2024-10-16,0.0070385,1.604,0.38336,2.9742,3.5688,0.018285,0.028052,0.0796,2.7274
2024-10-17,0.0070133,1.5966,0.3816199999999999,2.9567,3.5337,0.018174,0.027939,0.0793,2.7143
2024-10-18,0.0070255,1.5979,0.38155,2.9516,3.5344,0.018164,0.027992,0.0795,2.7171
2024-10-19,0.0070145999999999,1.5971,0.3822299999999999,2.9457,3.5426,0.018113,0.0281849999999999,0.0792,2.7157
2024-10-22,0.0070268,1.6,0.38251,2.9509,3.5421,0.018146,0.028314,0.0795,2.7207
2024-10-23,0.0070399,1.6033,0.38286,2.9514,3.5378,0.018071,0.028281,0.0796,2.7262
2024-10-24,0.0070124,1.5971,0.38095,2.9273,3.5225,0.017775,0.0281009999999999,0.0793,2.7157
2024-10-25,0.0069901,1.5981,0.38193,2.9356,3.5253,0.017895,0.028086,0.0793,2.7174
2024-10-26,0.0070187999999999,1.5995,0.38176,2.9442,3.5314,0.017902,0.028191,0.0793,2.7198
2024-10-29,0.0070109,1.6026,0.38242,2.9484,3.5377,0.017865,0.028014,0.0795,2.7255
2024-10-30,0.0070802,1.612,0.38403,2.9623,3.5581,0.017867,0.028179,0.08,2.7408
2024-10-31,0.0070957999999999,1.6162,0.38569,2.9759,3.564,0.017964,0.028298,0.0801,2.7468
2024-11-01,0.0070853999999999,1.6139,0.38529,2.981,3.5622,0.017984,0.028201,0.0801,2.7427
2024-11-02,0.0070433,1.6035,0.38271,2.9595,3.5203,0.017851,0.027843,0.0794,2.7264
2024-11-05,0.0070491,1.6057,0.38447,2.9738,3.5382,0.017973,0.027548,0.0794,2.728
2024-11-06,0.0070406,1.6021,0.38357,2.9677,3.538,0.017902,0.027832,0.0793,2.7247
2024-11-07,0.0070391,1.6021,0.38036,2.9288,3.5135,0.017691,0.027747,0.0796,2.7247
2024-11-08,0.0070615,1.6069,0.38159,2.9389,3.5259,0.01775,0.027873,0.0798,2.7328
2024-11-09,0.0070424,1.6035,0.38036,2.9345,3.529,0.017899,0.027873,0.0793,2.7247
2024-11-12,0.0070462,1.6056,0.37926,2.9138,3.5185,0.017754,0.027832,0.0795,2.7288
2024-11-13,0.0070526,1.608,0.37759,2.9018,3.5033,0.01774,0.027854,0.0795,2.7329
2024-11-14,0.0070703,1.6106,0.37959,2.9058,3.4874,0.0176699999999999,0.027753,0.0796,2.7374
2024-11-15,0.0070494,1.6075,0.37722,2.8736,3.4545,0.017504,0.027462,0.0795,2.7334
2024-11-16,0.0070244,1.6062,0.37788,2.8873,3.4625,0.017589,0.027367,0.0793,2.7311
2024-11-19,0.0070235,1.6063,0.37703,2.881,3.4469,0.017625,0.027405,0.0791,2.7313
2024-11-20,0.0070384,1.6112,0.37841,2.8942,3.4624,0.017827,0.027332,0.0792,2.7397
2024-11-21,0.0070604,1.6163,0.37927,2.8998,3.4789,0.017642,0.027361,0.0797,2.7484
2024-11-22,0.0070567,1.613,0.37886,2.8862,3.464,0.017785,0.027214,0.0794,2.7433
2024-11-23,0.0070327,1.6107,0.3779,2.8548,3.4293,0.017741,0.026619,0.0792,2.7384
2024-11-26,0.0070282999999999,1.6127,0.3786,2.8772,3.4499,0.017763,0.026387,0.0793,2.7428
2024-11-27,0.0070242,1.6126,0.37814,2.8841,3.4515,0.017827,0.026007,0.0791,2.7421
2024-11-28,0.0070043,1.6127,0.37822,2.8856,3.4582,0.018123,0.025051,0.0791,2.7422
2024-11-29,0.0069989,1.6124,0.37806,2.8907,3.4719,0.018046,0.024986,0.0792,2.7418
2024-11-30,0.0070365,1.6346,0.38389,2.9348,3.5259,0.018522,0.02575,0.0801,2.7794
2024-12-03,0.0071284,1.6748,0.39152,2.9967,3.6193,0.018949,0.0267799999999999,0.082,2.8478
2024-12-04,0.0071932,1.6905,0.39454,3.0252,3.6438,0.0191609999999999,0.0270109999999999,0.0827,2.8746
2024-12-05,0.007086,1.6742,0.3914,2.9894,3.6077,0.018883,0.027102,0.0819,2.8468
2024-12-06,0.0070421,1.6628,0.38923,2.9767,3.5965,0.01882,0.027527,0.0814,2.8274
2024-12-07,0.0069123,1.6321,0.38199,2.9365,3.5418,0.018422,0.027835,0.0798,2.7753
2024-12-10,0.0070019999999999,1.643,0.3845,2.9564,3.5694,0.0185719999999999,0.0280909999999999,0.0802,2.7938
2024-12-11,0.0070717,1.6438,0.38522,2.9425,3.5651,0.018438,0.027759,0.0802,2.7944
2024-12-12,0.0071975,1.6657,0.38964,2.9742,3.6052,0.018568,0.0273,0.0812,2.8323
2024-12-13,0.0072411,1.6768,0.3923999999999999,2.9946,3.6359,0.018716,0.027465,0.0817,2.8512
2024-12-14,0.0072340999999999,1.673,0.39102,2.9842,3.5961,0.018543,0.027304,0.0814,2.8448
2024-12-17,0.0071494,1.6561,0.38658,2.9551,3.5617,0.018312,0.027138,0.0805,2.816
2024-12-18,0.0071182,1.653,0.3859599999999999,2.9483,3.5686,0.018278,0.027287,0.0804,2.8117
2024-12-19,0.0071078999999999,1.648,0.38466,2.9416,3.5598,0.018244,0.0272089999999999,0.08,2.8023
2024-12-20,0.0071252,1.652,0.38497,2.9248,3.5535,0.017903,0.0271229999999999,0.0801,2.8091
2024-12-21,0.0071094,1.6515,0.38475,2.9174,3.5133,0.017919,0.027198,0.0798,2.8082
2024-12-24,0.007121,1.6542,0.38536,2.9236,3.5289,0.01794,0.027919,0.0799,2.8128
2024-12-25,0.0070474,1.654,0.38533,2.9221,3.5236,0.0179,0.028226,0.0798,2.8119
2024-12-26,0.007117,1.6556,0.3854,2.9241,3.5326,0.017901,0.028127,0.0798,2.813
2024-12-27,0.007085,1.6492,0.38392,2.9142,3.5116,0.017797,0.028162,0.0795,2.8021
2024-12-28,0.0070519,1.6433,0.38282,2.9108,3.5013,0.017713,0.026175,0.0793,2.7943
2024-12-31,0.0070834,1.651,0.38452,2.9306,3.5349,0.017789,0.025405,0.0795,2.8068
2025-01-01,0.0071075,1.6571,0.38549,2.9292,3.5279,0.017942,0.025838,0.0796,2.8138
2025-01-04,0.0070972,1.6563,0.3847399999999999,2.8955,3.4905,0.017899,0.0251969999999999,0.0796,2.8158
2025-01-07,0.0071129,1.6576,0.38459,2.9152,3.5164,0.017852,0.026105,0.0798,2.8185
2025-01-09,0.0071636,1.6699,0.3873,2.9287,3.5329,0.0179329999999999,0.027146,0.0802,2.8395
2025-01-10,0.0071544,1.6683,0.38689,2.9232,3.4801,0.017945,0.027527,0.0802,2.8367
2025-01-11,0.0071466,1.6649,0.38611,2.9171,3.4821,0.017915,0.027833,0.0799,2.831
2025-01-14,0.0071264,1.6638,0.38587,2.8852,3.4287,0.017978,0.027534,0.0797,2.8292
2025-01-15,0.0071574,1.673,0.38805,2.9182,3.4661,0.0180129999999999,0.027683,0.0801,2.8448
2025-01-16,0.0071471999999999,1.6729,0.38798,2.9322,3.4778,0.018143,0.0277269999999999,0.0802,2.8446
2025-01-17,0.0071477,1.6706,0.38753,2.9236,3.4677,0.018253,0.027747,0.0801,2.8412
2025-01-18,0.0071387,1.6709,0.3876799999999999,2.9276,3.4683,0.018244,0.027745,0.0799,2.8412
2025-01-21,0.0071439,1.6733,0.389,2.936,3.4694,0.018196,0.027963,0.0799,2.8452
2025-01-22,0.0071592,1.6773,0.39147,2.9516,3.4928,0.018285,0.028581,0.08,2.8515
2025-01-23,0.0071835,1.6827,0.39288,2.9782,3.5239,0.018334,0.029018,0.0802,2.8612
2025-01-24,0.007181,1.6835,0.39281,2.9821,3.5286,0.0183149999999999,0.028938,0.0803,2.8627
2025-01-25,0.0072311,1.6957,0.39809,3.0247,3.5846,0.018494,0.029464,0.0808,2.8834
2025-01-28,0.0072201,1.6942,0.39702,3.0263,3.6013,0.018711,0.029733,0.0806,2.8808
2025-01-29,0.0072207,1.6917,0.39707,3.0014,3.5808,0.018531,0.0294059999999999,0.0804,2.8766
2025-01-30,0.0072366999999999,1.6931,0.39732,2.9941,3.5735,0.018525,0.029173,0.0805,2.8784
2025-01-31,0.0072346,1.6914,0.397,2.9929,3.5776,0.018622,0.029468,0.0804,2.8761
2025-02-01,0.0071613,1.6798,0.39427,2.9651,3.547,0.018462,0.028925,0.0797,2.8563
2025-02-04,0.0071454,1.6704,0.3920599999999999,2.909,3.4964,0.018333,0.028368,0.0789,2.8403
2025-02-05,0.0071499,1.6692,0.39171,2.9317,3.5237,0.018274,0.028576,0.0789,2.8378
2025-02-06,0.0071132999999999,1.6598,0.38815,2.9418,3.5382,0.0184919999999999,0.0287279999999999,0.0786,2.8224
2025-02-07,0.0070768,1.652,0.3853499999999999,2.9106,3.4877,0.018411,0.028964,0.0783,2.8095
2025-02-08,0.0070244999999999,1.6431,0.38333,2.901,3.4794,0.018366,0.0288399999999999,0.0776,2.794
2025-02-11,0.0070102,1.6357,0.38071,2.8736,3.453,0.018275,0.028678,0.0773,2.7813
2025-02-12,0.007055,1.6469,0.3832399999999999,2.8889,3.4607,0.018414,0.029184,0.0777,2.8004
2025-02-13,0.0070842,1.6519,0.38431,2.9145,3.4954,0.018282,0.02988,0.0778,2.8089
2025-02-14,0.0071014,1.6559,0.38605,2.9342,3.5185,0.018305,0.031014,0.078,2.8157
2025-02-15,0.0071531,1.668,0.39041,2.9687,3.5668,0.018592,0.03124,0.0783,2.8362
2025-02-18,0.0071047,1.6571,0.3879,2.9536,3.548,0.0185779999999999,0.030745,0.0778,2.817
2025-02-19,0.0071042,1.6584,0.38724,2.948,3.5492,0.0185719999999999,0.030897,0.0777,2.8186
2025-02-20,0.0070907999999999,1.6544,0.38615,2.9322,3.5422,0.018543,0.031154,0.0775,2.8137
2025-02-21,0.0070961,1.6544,0.3876199999999999,2.9382,3.5502,0.018742,0.031846,0.0775,2.8136
2025-02-22,0.0070758999999999,1.6503,0.3866,2.9362,3.5476,0.018653,0.031735,0.077,2.8049
2025-02-25,0.0071138,1.6557,0.38826,2.9482,3.5569,0.018815,0.031989,0.0773,2.8153
2025-02-26,0.0071398,1.6563,0.38767,2.9498,3.5568,0.018804,0.032599,0.0773,2.8168
2025-02-27,0.0071430999999999,1.6547,0.38769,2.9542,3.559,0.0188389999999999,0.032873,0.0772,2.8141
2025-02-28,0.0071479,1.6565,0.38755,2.951,3.5685,0.018795,0.032401,0.0773,2.8172
2025-03-01,0.0070751,1.6407,0.3833,2.9031,3.5167,0.018564,0.031596,0.0764,2.7904
2025-03-05,0.0070775,1.6414,0.3837899999999999,2.935,3.5509,0.018751,0.031256,0.0765,2.7905
2025-03-06,0.0070607,1.6391,0.38354,2.9783,3.5725,0.018639,0.031057,0.0764,2.7858
2025-03-07,0.0070580999999999,1.6374,0.38392,3.0042,3.5831,0.018809,0.031115,0.0763,2.783
2025-03-08,0.0070505,1.6354,0.384,3.0181,3.5898,0.018835,0.031248,0.0762,2.7776
2025-03-11,0.0070427,1.6333,0.38245,3.0162,3.5896,0.018888,0.031561,0.076,2.7766
2025-03-12,0.0070796999999999,1.6404,0.38553,3.0396,3.607,0.018911,0.032608,0.0763,2.7894
2025-03-13,0.0070406,1.6334,0.38343,3.0297,3.593,0.018685,0.032073,0.0759,2.7775
2025-03-14,0.0070696,1.6334,0.3833,3.0186,3.5971,0.01874,0.032174,0.0759,2.7775
2025-03-15,0.0070534,1.6323,0.38375,3.0267,3.5937,0.018669,0.032505,0.0757,2.7755
2025-03-18,0.0070589,1.6325,0.38375,3.0277,3.5998,0.018688,0.032969,0.0757,2.7759
2025-03-19,0.0070921,1.6387,0.3855,3.047,3.6197,0.018626,0.03414,0.076,2.7865
2025-03-20,0.0070865,1.6378,0.38504,3.0345,3.6102,0.0186,0.033455,0.0728,2.785
2025-03-21,0.0071033999999999,1.6319,0.38308,3.0096,3.5922,0.018678,0.032766,0.073,2.7743
2025-03-22,0.0070711,1.6316,0.38252,3.0043,3.5885,0.01859,0.032819,0.073,2.7738
2025-03-25,0.0070957,1.6361,0.38351,3.0182,3.6062,0.01859,0.033069,0.0734,2.7815
2025-03-26,0.0070921,1.6353,0.38282,3.0062,3.5988,0.018503,0.032896,0.0732,2.7794
2025-03-27,0.0070793,1.6321,0.38182,2.9928,3.5797,0.018467,0.032949,0.073,2.7739
2025-03-28,0.0070735,1.6305,0.38139,2.9865,3.5818,0.018358,0.032976,0.0729,2.7712
2025-03-29,0.0070625,1.6282,0.38099,2.9818,3.5814,0.018367,0.032973,0.0728,2.7673
2025-04-01,0.0070561,1.6264,0.38115,2.989,3.5757,0.018512,0.03246,0.0729,2.7648
2025-04-02,0.0070545999999999,1.625,0.38008,2.9848,3.5698,0.01849,0.0326399999999999,0.0728,2.7632
2025-04-03,0.007055,1.6246,0.3799,2.9816,3.5736,0.018488,0.0327579999999999,0.0728,2.7623
2025-04-04,0.0070424,1.6231,0.37843,3.0569,3.6356,0.01882,0.032807,0.0727,2.7599
2025-04-05,0.007043,1.6221,0.37867,3.0438,3.5909,0.018994,0.032697,0.0725,2.7576
2025-04-08,0.0070429,1.6212,0.37687,3.0232,3.5419,0.018809,0.032005,0.0725,2.7561
2025-04-09,0.0070765,1.621,0.37557,3.0143,3.5179,0.018755,0.032162,0.0725,2.7563
2025-04-11,0.0070411,1.6216,0.37662,3.0518,3.5594,0.018931,0.032415,0.0727,2.7573
2025-04-12,0.0070335,1.6207,0.37737,3.1259,3.6016,0.01927,0.032753,0.0724,2.7558
2025-04-15,0.0070331,1.6199,0.37664,3.1363,3.6318,0.019245,0.03346,0.0724,2.7545
2025-04-16,0.00704,1.6199,0.37648,3.1229,3.6477,0.019272,0.0335279999999999,0.0723,2.7544
2025-04-17,0.0070355,1.6186,0.37677,3.1274,3.6512,0.019287,0.033392,0.0722,2.7523
2025-04-18,0.0070227,1.6174,0.37678,3.1249,3.6389,0.019294,0.033429,0.0721,2.7503
2025-04-23,0.0070279999999999,1.6173,0.37601,3.1614,3.677,0.019601,0.033805,0.0719,2.75
2025-04-24,0.0070298999999999,1.617,0.37724,3.1354,3.6589,0.019376,0.033338,0.0718,2.7496
2025-04-25,0.0070289,1.6168,0.37722,3.13,3.6592,0.019305,0.033092,0.0717,2.7492
2025-04-26,0.0070267,1.617,0.37729,3.1224,3.6597,0.019178,0.033301,0.0716,2.7496
2025-04-29,0.0070523999999999,1.617,0.37677,3.1227,3.6682,0.01917,0.033435,0.0715,2.7496
2025-04-30,0.007053,1.6182,0.37833,3.1305,3.6827,0.019277,0.033672,0.0716,2.7516
2025-05-01,0.0070357,1.6168,0.37841,3.1239,3.6732,0.019221,0.033738,0.0714,2.7492
2025-05-02,0.0070566,1.6165,0.3780199999999999,3.1143,3.6648,0.01905,0.0335979999999999,0.0715,2.7487
2025-05-03,0.0070469,1.616,0.37797,3.1138,3.6525,0.018985,0.033149,0.0713,2.7483
2025-05-06,0.0070544,1.6163,0.37788,3.1167,3.6566,0.019095,0.0340479999999999,0.0712,2.7477
2025-05-07,0.0070485,1.6157,0.3806299999999999,3.1105,3.6643,0.019186,0.034055,0.0711,2.7473
2025-05-08,0.0070419,1.6153,0.38015,3.1219,3.6668,0.019174,0.033965,0.0711,2.7467
2025-05-09,0.0070462999999999,1.6147,0.3793499999999999,3.1012,3.6495,0.018972,0.033356,0.0711,2.7456
2025-05-14,0.0070687,1.6137,0.38109,3.0464,3.6243,0.018529,0.034087,0.0707,2.744
2025-05-15,0.0070792,1.6135,0.38082,3.0822,3.6608,0.018805,0.03419,0.0708,2.7436
2025-05-16,0.0070866,1.6127,0.38043,3.0732,3.6467,0.0187969999999999,0.0341,0.0709,2.7425
2025-05-17,0.0070919999999999,1.6121,0.38048,3.0686,3.6432,0.018837,0.033973,0.0706,2.7415
2025-05-20,0.0070989,1.6115,0.38006,3.0898,3.6702,0.018925,0.034109,0.0706,2.7406
2025-05-21,0.0071157,1.6118,0.37951,3.0815,3.6605,0.018959,0.033971,0.0705,2.7401
2025-05-22,0.0071161,1.6116,0.3803999999999999,3.109,3.6772,0.0190749999999999,0.034226,0.0706,2.7397
2025-05-23,0.0071113999999999,1.6102,0.37998,3.0924,3.6682,0.01906,0.034391,0.0704,2.7383
2025-05-24,0.0071173,1.6098,0.38112,3.1061,3.6955,0.019097,0.034435,0.0701,2.7376
2025-05-28,0.007098,1.6087,0.38021,3.1042,3.7036,0.018983,0.034214,0.0701,2.7357
2025-05-29,0.0070944,1.6091,0.38026,3.0984,3.6927,0.018961,0.0343469999999999,0.07,2.7349
2025-05-30,0.0071086,1.6078,0.38038,3.0861,3.6838,0.01886,0.03479,0.0699,2.7342
2025-05-31,0.0071062,1.6073,0.37995,3.0969,3.6846,0.0189949999999999,0.034746,0.0697,2.7334
2025-06-03,0.0071059,1.607,0.37961,3.12,3.6991,0.019129,0.034498,0.0697,2.7328
2025-06-04,0.0071074,1.6066,0.38008,3.1162,3.6924,0.019115,0.034675,0.0698,2.7321
2025-06-05,0.0071146,1.6065,0.38003,3.1087,3.6948,0.018945,0.034775,0.0698,2.732
2025-06-06,0.0071161,1.6064,0.38055,3.1203,3.7076,0.019087,0.0344519999999999,0.0694,2.7318
2025-06-07,0.0071186999999999,1.6066,0.38033,3.1202,3.7015,0.018961,0.034423,0.0696,2.7315
2025-06-10,0.0071182,1.6063,0.38034,3.1186,3.7042,0.018951,0.034561,0.0696,2.7311
2025-06-11,0.0071197,1.6057,0.38005,3.1189,3.6858,0.0188799999999999,0.034729,0.0696,2.7306
2025-06-12,0.0071159,1.6057,0.3799599999999999,3.1238,3.6852,0.018815,0.034628,0.0697,2.7306
2025-06-13,0.007117,1.6059,0.38037,3.1625,3.7058,0.019018,0.0340689999999999,0.0694,2.7301
2025-06-14,0.0071169,1.6051,0.37998,3.1401,3.6937,0.01892,0.034174,0.0692,2.7296
2025-06-17,0.0071078999999999,1.6056,0.38006,3.1602,3.7073,0.018945,0.034651,0.0693,2.7288
2025-06-18,0.0071112,1.6049,0.37984,3.1553,3.6982,0.018855,0.034711,0.0692,2.7283
2025-06-19,0.0071053,1.6039,0.37945,3.1373,3.6686,0.018833,0.034814,0.069,2.7276
2025-06-20,0.0071016,1.6036,0.37943,3.1287,3.6632,0.018724,0.034745,0.0689,2.727
2025-06-21,0.007101,1.6034,0.37975,3.1435,3.6795,0.018755,0.034821,0.0687,2.7268
2025-06-24,0.0070713,1.603,0.37924,3.1254,3.6479,0.018424,0.034717,0.0686,2.726
2025-06-25,0.0070618,1.6025,0.37987,3.1599,3.7079,0.018783,0.034691,0.0687,2.7252
2025-06-26,0.0070728,1.6023,0.37984,3.1619,3.7063,0.018699,0.034828,0.0685,2.7248
2025-06-27,0.0070713,1.6028,0.37991,3.1925,3.7439,0.0189009999999999,0.034779,0.0685,2.7242
2025-06-28,0.0070717,1.6025,0.37975,3.1882,3.7376,0.01883,0.034609,0.0683,2.7236
2025-07-01,0.007083,1.601,0.38005,3.191,3.7287,0.0188799999999999,0.034642,0.0684,2.7227
2025-07-02,0.0070869,1.6003,0.38001,3.2155,3.7502,0.019043,0.034658,0.0683,2.7215
2025-07-03,0.0070837,1.5996,0.3795,3.2029,3.7284,0.0189009999999999,0.03455,0.0683,2.7203
2025-07-04,0.0070765,1.5991,0.3797899999999999,3.209,3.7162,0.018913,0.034546,0.0682,2.7195
2025-07-05,0.0070821,1.5989,0.37964,3.202,3.711,0.018834,0.034463,0.0683,2.7191
2025-07-08,0.0070735,1.5984,0.37885,3.1871,3.6959,0.018687,0.034624,0.068,2.718
2025-07-09,0.0070738,1.5985,0.37878,3.1875,3.6909,0.018571,0.034792,0.0679,2.7181
2025-07-10,0.0070755,1.5978,0.37842,3.1805,3.6913,0.01853,0.034765,0.0678,2.7172
2025-07-11,0.0070742,1.5979,0.37877,3.1875,3.6965,0.018598,0.034975,0.0678,2.7174
2025-07-12,0.0070637,1.5973,0.3789099999999999,3.1753,3.6772,0.018501,0.034793,0.0676,2.716
2025-07-15,0.0070682,1.597,0.37878,3.1737,3.6619,0.018437,0.03469,0.0675,2.7149
2025-07-16,0.0070727,1.5958,0.3782999999999999,3.1703,3.6517,0.018368,0.03471,0.0675,2.7138
2025-07-17,0.0070698,1.5957,0.37786,3.1511,3.635,0.018246,0.034719,0.0674,2.7127
2025-07-18,0.0070683,1.5948,0.37772,3.1425,3.6337,0.018244,0.034672,0.0673,2.7121
2025-07-19,0.0070675,1.5946,0.37782,3.1568,3.646,0.018253,0.0345339999999999,0.0672,2.7118
2025-07-22,0.0070634,1.5943,0.37783,3.1565,3.6478,0.018343,0.03466,0.0671,2.7113
2025-07-23,0.0070533,1.5941,0.37778,3.1725,3.6552,0.0183769999999999,0.034603,0.0671,2.7106
2025-07-24,0.0070583999999999,1.5936,0.37845,3.1799,3.6702,0.018507,0.034511,0.067,2.71
2025-07-25,0.0070585,1.5932,0.37858,3.1825,3.6677,0.018483,0.034068,0.0669,2.7094
2025-07-26,0.0070536,1.5927,0.37788,3.1783,3.645,0.018326,0.03421,0.0668,2.7086
2025-07-29,0.0070473,1.5921,0.37739,3.1583,3.6327,0.018251,0.033787,0.0668,2.7075
2025-07-30,0.0070495,1.5918,0.37725,3.1344,3.6168,0.018228,0.033058,0.0667,2.707
2025-07-31,0.0070474,1.5916,0.37693,3.123,3.6172,0.018264,0.033103,0.0667,2.7067
2025-08-01,0.0070471,1.5913,0.37605,3.0936,3.5775,0.018043,0.033761,0.0667,2.7061
2025-08-02,0.0070454,1.5906,0.37506,3.0872,3.5606,0.017991,0.033681,0.0665,2.705
2025-08-05,0.007041,1.5894,0.37664,3.1254,3.5905,0.018296,0.033961,0.0664,2.7029
2025-08-06,0.0070346,1.589,0.37587,3.1184,3.5906,0.018301,0.033726,0.0664,2.7013
2025-08-07,0.007027,1.5878,0.37564,3.1317,3.5944,0.018284,0.033669,0.0664,2.6993
2025-08-08,0.0070211,1.5859,0.3756899999999999,3.1466,3.6059,0.018302,0.033874,0.0663,2.697
2025-08-09,0.0070195,1.5861,0.37534,3.1367,3.6223,0.018241,0.033786,0.0663,2.6964
2025-08-12,0.0070177,1.5846,0.37515,3.1381,3.6261,0.018245,0.033789,0.0662,2.6948
2025-08-13,0.0070198,1.5843,0.37475,3.1282,3.6269,0.018151,0.033717,0.0661,2.6942
2025-08-14,0.0070923,1.601,0.37946,3.1909,3.6943,0.018477,0.03412,0.0668,2.7226
2025-08-15,0.0071029,1.6031,0.38017,3.187,3.7034,0.018599,0.0341869999999999,0.0668,2.7263
2025-08-16,0.0070405,1.5888,0.37626,3.1553,3.6607,0.018382,0.033833,0.066,2.701
2025-08-19,0.0070348,1.5858,0.37568,3.1507,3.6525,0.018295,0.0335069999999999,0.066,2.6968
2025-08-20,0.0070374999999999,1.5866,0.3758,3.153,3.6486,0.018266,0.033399,0.066,2.6981
2025-08-21,0.0070423,1.5877,0.37623,3.145,3.6437,0.018314,0.033636,0.066,2.7
2025-08-22,0.0070762,1.5922,0.37707,3.1532,3.6455,0.018304,0.033525,0.0661,2.7068
2025-08-23,0.0070698,1.5907,0.37678,3.1366,3.6275,0.0181899999999999,0.033509,0.066,2.7051
2025-08-26,0.0070293,1.5873,0.37706,3.1536,3.6399,0.018303,0.03337,0.0658,2.6984
2025-08-27,0.0070531,1.5861,0.37672,3.1398,3.6345,0.018271,0.033468,0.0657,2.6974
2025-08-28,0.007051,1.5858,0.37652,3.1237,3.6226,0.0182109999999999,0.033173,0.0657,2.6968
2025-08-30,0.0070355,1.5845,0.37776,3.1438,3.6264,0.018307,0.033406,0.0655,2.6946
2025-09-02,0.0070431,1.5841,0.3776,3.1579,3.6436,0.018312,0.033319,0.0655,2.694
2025-09-03,0.0070418,1.5839,0.37693,3.1336,3.6077,0.018128,0.033397,0.0654,2.6935
2025-09-04,0.0070476,1.586,0.3774099999999999,3.1397,3.6136,0.018139,0.033119,0.0655,2.6971
2025-09-05,0.0070384,1.5839,0.37726,3.1394,3.624,0.018168,0.03304,0.0654,2.6936
2025-09-06,0.0070381,1.5836,0.37729,3.1492,3.631,0.018181,0.033035,0.0653,2.693
2025-09-09,0.0070355,1.5833,0.37761,3.1575,3.6411,0.018212,0.032717,0.0652,2.6925
2025-09-10,0.0070382,1.583,0.37804,3.1651,3.6556,0.018379,0.0323,0.0652,2.6921
2025-09-11,0.0070296,1.583,0.37799,3.1502,3.645,0.0182559999999999,0.031684,0.0652,2.692
2025-09-12,0.0070353,1.5841,0.37817,3.1473,3.6387,0.018206,0.0315229999999999,0.0652,2.6939
2025-09-13,0.0070485,1.5878,0.37916,3.1679,3.6599,0.018269,0.032114,0.0653,2.7002
2025-09-16,0.0070537,1.5907,0.37984,3.1798,3.68,0.018358,0.03284,0.0655,2.7051
2025-09-17,0.0070631,1.5924,0.38059,3.1979,3.6924,0.018416,0.032706,0.0656,2.708
2025-09-18,0.0070869,1.5961,0.38208,3.2143,3.7053,0.018562,0.032694,0.0657,2.7143
2025-09-19,0.0071426,1.6086,0.38498,3.2376,3.7338,0.0185749999999999,0.032938,0.0662,2.7356
2025-09-20,0.0071535,1.6115,0.38525,3.2234,3.701,0.018521,0.032784,0.0662,2.7405
2025-09-23,0.0071134,1.6028,0.38323,3.2099,3.6796,0.018429,0.032639,0.0659,2.7258
2025-09-24,0.0070827,1.5965,0.38172,3.2007,3.6638,0.01837,0.032404,0.0655,2.7141
2025-09-25,0.0070782999999999,1.5941,0.38049,3.186,3.6517,0.018268,0.03233,0.0654,2.711
2025-09-26,0.0070777999999999,1.5949,0.38065,3.1863,3.6475,0.018228,0.032429,0.0654,2.7113
2025-09-27,0.0070605,1.5922,0.37944,3.1593,3.6151,0.018065,0.032376,0.0651,2.7077
2025-09-30,0.0070634,1.5928,0.38039,3.1739,3.6374,0.018223,0.03258,0.0651,2.7088
2025-10-01,0.0071104,1.6025,0.38279,3.1999,3.6632,0.018416,0.033105,0.0655,2.7252
2025-10-02,0.0071099,1.6028,0.38276,3.1968,3.6725,0.018534,0.033665,0.0655,2.7258
2025-10-03,0.007111,1.6031,0.38283,3.2034,3.6759,0.018584,0.033526,0.0655,2.7263
2025-10-04,0.0071025,1.6022,0.38248,3.1967,3.6649,0.018488,0.033152,0.0653,2.7238
2025-10-07,0.0070982,1.6001,0.3819599999999999,3.1714,3.6539,0.018091,0.032718,0.0652,2.7201
2025-10-08,0.0070765,1.5959,0.38096,3.1672,3.6463,0.017999,0.032974,0.0651,2.713
2025-10-09,0.0070796999999999,1.5958,0.38094,3.155,3.6422,0.017743,0.033271,0.065,2.7128
2025-10-10,0.0070826,1.5956,0.38078,3.1517,3.6291,0.017762,0.033359,0.065,2.7125
2025-10-11,0.007082,1.5951,0.38071,3.1385,3.6014,0.017755,0.033416,0.0648,2.7117
2025-10-14,0.0070852,1.5942,0.38012,3.1411,3.615,0.017816,0.033584,0.0649,2.7111
2025-10-16,0.0070871,1.594,0.38037,3.1508,3.6205,0.017907,0.034281,0.0648,2.7108
2025-10-17,0.0070838,1.5933,0.3802299999999999,3.1582,3.6408,0.017921,0.03429,0.0647,2.7095
2025-10-18,0.0070813,1.5923,0.37999,3.168,3.6389,0.018077,0.033354,0.0645,2.7079
2025-10-21,0.0070808999999999,1.5921,0.38012,3.156,3.6328,0.017963,0.0334249999999999,0.0645,2.7076
2025-10-22,0.007083,1.5941,0.38077,3.1475,3.626,0.017841,0.0333199999999999,0.0646,2.711
2025-10-23,0.0070862999999999,1.5938,0.38041,3.1407,3.6085,0.017857,0.033156,0.0646,2.7105
2025-10-24,0.0071132999999999,1.5994,0.38183,3.1522,3.629,0.017813,0.033447,0.0648,2.72
2025-10-25,0.0071265,1.6024,0.38248,3.1638,3.628,0.01781,0.033608,0.0649,2.7241
2025-10-28,0.0070938999999999,1.5966,0.38216,3.161,3.6232,0.017772,0.03424,0.0647,2.7152
2025-10-29,0.0071124,1.6005,0.38329,3.174,3.6265,0.01792,0.034004,0.0648,2.7212
2025-10-30,0.0070967,1.5971,0.38246,3.1621,3.5898,0.01783,0.033985,0.0647,2.7154
2025-10-31,0.0070942,1.5962,0.38161,3.1514,3.5766,0.0176309999999999,0.033656,0.0646,2.7139
2025-11-01,0.0070902,1.5955,0.38134,3.1386,3.5623,0.017598,0.033552,0.0645,2.7127
2025-11-04,0.0070892,1.5949,0.38078,3.1231,3.5607,0.0175899999999999,0.033487,0.0645,2.7117
2025-11-05,0.0070869,1.5943,0.38048,3.1197,3.5448,0.017656,0.033417,0.0644,2.7109
2025-11-06,0.0070850999999999,1.594,0.38026,3.1127,3.5314,0.017638,0.033361,0.0644,2.7102
2025-11-07,0.0070775,1.5933,0.38034,3.1193,3.5446,0.017618,0.033402,0.0643,2.7089
2025-11-08,0.0070784,1.5923,0.38019,3.1272,3.5493,0.017656,0.033424,0.0641,2.7075
2025-11-11,0.0070758,1.5921,0.3801299999999999,3.1293,3.5612,0.017556,0.0334379999999999,0.0641,2.7065
2025-11-12,0.0070746,1.5918,0.3801299999999999,3.1321,3.5557,0.017544,0.033255,0.0641,2.7064
2025-11-13,0.0070742,1.5915,0.38016,3.131,3.5507,0.017477,0.033353,0.0641,2.7059
2025-11-14,0.0070872,1.5934,0.38172,3.1461,3.5633,0.017521,0.033584,0.0641,2.7091
2025-11-15,0.0070879,1.593,0.3815,3.1462,3.5606,0.017509,0.0334319999999999,0.064,2.7085
2025-11-18,0.007091,1.5928,0.38102,3.1424,3.5656,0.017495,0.033332,0.064,2.708
2025-11-19,0.0070954,1.5926,0.38075,3.1367,3.5599,0.01743,0.033394,0.0639,2.7078
2025-11-20,0.0070872,1.5923,0.3807,3.1342,3.5514,0.017334,0.033534,0.0639,2.7073
2025-11-21,0.0070951,1.5918,0.38044,3.1203,3.5401,0.0172049999999999,0.033723,0.0639,2.7067
2025-11-22,0.0070899,1.5917,0.3805699999999999,3.1173,3.534,0.0172639999999999,0.0342499999999999,0.0638,2.7062
2025-11-25,0.0070903,1.5912,0.38068,3.1223,3.5422,0.0172639999999999,0.034355,0.0637,2.7056
2025-11-26,0.0070928,1.5911,0.3817899999999999,3.1204,3.5503,0.0173,0.034218,0.0637,2.7052
2025-11-27,0.0070999,1.5908,0.38205,3.131,3.561,0.017291,0.034365,0.0637,2.7047
2025-11-28,0.0070954,1.5903,0.38172,3.1319,3.5759,0.017301,0.034627,0.0637,2.7039
2025-11-29,0.0070916,1.5898,0.38199,3.1248,3.5697,0.017294,0.034719,0.0636,2.7029
2025-12-02,0.0070876,1.5892,0.38208,3.14,3.572,0.0174,0.0347969999999999,0.0636,2.702
2025-12-03,0.0070859,1.5889,0.38211,3.1354,3.5644,0.017315,0.034776,0.0637,2.7015
2025-12-04,0.0070846,1.5886,0.38235,3.1496,3.5885,0.017365,0.034885,0.0636,2.701
2025-12-05,0.0070815,1.589,0.38206,3.1522,3.6056,0.017449,0.035078,0.0636,2.7016
2025-12-06,0.0070879,1.5883,0.38201,3.1461,3.6017,0.0174089999999999,0.035494,0.0635,2.7005
2025-12-09,0.0070716,1.5883,0.38205,3.1458,3.5973,0.01737,0.035158,0.0635,2.7005
2025-12-10,0.0070726,1.5878,0.38214,3.1431,3.5991,0.017295,0.035121,0.0634,2.6996
2025-12-11,0.0070703,1.5876,0.38215,3.1398,3.5933,0.017221,0.034921,0.0634,2.6995
2025-12-12,0.0070633,1.5875,0.38241,3.1582,3.6095,0.017309,0.03413,0.0633,2.6991
2025-12-13,0.0070678,1.5872,0.38245,3.164,3.6084,0.017305,0.0338549999999999,0.0632,2.6985
2025-12-16,0.0070677,1.5869,0.38283,3.1681,3.6087,0.017391,0.034043,0.0632,2.6981
2025-12-17,0.0070706,1.5868,0.38307,3.1726,3.621,0.017422,0.033979,0.0632,2.6978
2025-12-18,0.0070729,1.5868,0.38298,3.1619,3.5966,0.017354,0.033504,0.0631,2.6979
2025-12-19,0.0070718,1.5868,0.38314,3.1636,3.6022,0.017306,0.03378,0.0631,2.6979
2025-12-20,0.0070777999999999,1.5872,0.38325,3.1606,3.6099,0.017144,0.033548,0.063,2.6984
2025-12-23,0.0070813,1.5889,0.3839,3.1697,3.6292,0.017164,0.034107,0.0631,2.7015
2025-12-24,0.0070708,1.5867,0.38382,3.1825,3.643,0.017305,0.034401,0.063,2.6975
2025-12-25,0.0070715,1.5865,0.3845,3.1803,3.6445,0.017295,0.0343949999999999,0.0629,2.697
2025-12-26,0.0070823,1.586,0.3849,3.1777,3.6482,0.0172879999999999,0.034686,0.0629,2.6966
2025-12-27,0.0070712,1.5858,0.3847399999999999,3.1747,3.637,0.017236,0.034365,0.0628,2.6959
2025-12-30,0.0070675999999999,1.5856,0.3847399999999999,3.1737,3.6403,0.017249,0.034768,0.0628,2.6955
2025-12-31,0.0070691,1.5852,0.38556,3.1737,3.6446,0.017297,0.0342499999999999,0.0628,2.6951
2026-01-01,0.0070667,1.586,0.38582,3.1646,3.6219,0.017213,0.033149,0.0628,2.6963
2026-01-06,0.0070782,1.5863,0.3860599999999999,3.1515,3.6291,0.017211,0.033454,0.0627,2.6968
2026-01-07,0.0070798,1.5865,0.38621,3.1595,3.6515,0.017242,0.033298,0.0627,2.6974
2026-01-09,0.0070726,1.587,0.38635,3.1512,3.6275,0.01722,0.033533,0.0627,2.6982
2026-01-10,0.0070742,1.5863,0.38619,3.1405,3.6155,0.017106,0.034134,0.0625,2.6971
2026-01-13,0.007077,1.5861,0.38671,3.1503,3.6306,0.017076,0.034241,0.0625,2.6967
2026-01-14,0.0070813,1.5862,0.38659,3.1467,3.6335,0.016974,0.0342289999999999,0.0625,2.6969
2026-01-15,0.0071006,1.5866,0.38686,3.1439,3.6287,0.01701,0.034288,0.0625,2.6975
2026-01-16,0.007095,1.5858,0.38694,3.1377,3.6192,0.017018,0.034418,0.0624,2.6961
2026-01-17,0.007099,1.5856,0.38678,3.1316,3.6152,0.017051,0.034658,0.0623,2.6957
2026-01-21,0.0071118,1.5851,0.38726,3.1604,3.6339,0.017071,0.034588,0.0623,2.695
2026-01-22,0.0071123,1.5852,0.387,3.155,3.6135,0.017057,0.034742,0.0622,2.695
2026-01-23,0.0071083,1.585,0.38645,3.1497,3.6226,0.016976,0.03559,0.0622,2.6946
2026-01-24,0.0071131,1.5847,0.3868399999999999,3.1607,3.6448,0.017025,0.035486,0.0621,2.6941
2026-01-27,0.007114,1.5844,0.3873499999999999,3.195,3.6831,0.017537,0.035255,0.0621,2.6937
2026-01-28,0.0071123,1.5841,0.38724,3.2009,3.6894,0.017519,0.035273,0.062,2.6932
2026-01-29,0.0071075999999999,1.5838,0.38769,3.2277,3.7138,0.017648,0.035344,0.062,2.6927
2026-01-30,0.0071049,1.5836,0.3876199999999999,3.2166,3.7139,0.017554,0.03549,0.062,2.6922
2026-01-31,0.0071074,1.5827,0.38706,3.2088,3.699,0.017455,0.035562,0.0619,2.6908
2026-02-03,0.0071075,1.5824,0.38738,3.1903,3.6848,0.017373,0.035068,0.0619,2.6902
2026-02-04,0.0071037,1.5818,0.38761,3.1701,3.6736,0.01725,0.034971,0.0618,2.6893
2026-02-05,0.007107,1.5812,0.38723,3.1749,3.6846,0.017154,0.03505,0.0618,2.6883
2026-02-06,0.0071054,1.5808,0.38719,3.1689,3.6535,0.0171,0.035025,0.0617,2.6876
2026-02-07,0.0071132,1.5805,0.38723,3.1688,3.6476,0.017123,0.035089,0.0616,2.687
2026-02-10,0.0071094999999999,1.5797,0.38783,3.1857,3.6551,0.017136,0.034747,0.0616,2.6856
2026-02-11,0.0071047,1.5786,0.3883,3.198,3.6682,0.017308,0.034759,0.0615,2.6838
2026-02-12,0.0071067,1.578,0.38825,3.1984,3.6765,0.017504,0.034713,0.0615,2.683
2026-02-13,0.0071044,1.5775,0.38863,3.1853,3.6584,0.017528,0.034745,0.0614,2.6819
2026-02-14,0.0070945999999999,1.5767,0.38805,3.1782,3.6508,0.01746,0.034683,0.0613,2.6807
2026-02-17,0.0071096,1.5762,0.38812,3.1802,3.6578,0.017447,0.034968,0.0613,2.6799
2026-02-18,0.007103,1.5758,0.38798,3.1724,3.6428,0.0175,0.034878,0.0613,2.6789
2026-02-19,0.0070898,1.5752,0.38782,3.1692,3.6351,0.01741,0.0350899999999999,0.0612,2.6778
2026-02-20,0.0071005,1.5746,0.38769,3.1566,3.6109,0.017299,0.034878,0.0612,2.6769
2026-02-21,0.0070980999999999,1.5741,0.38756,3.148,3.6067,0.017228,0.034848,0.061,2.676
2026-02-24,0.0071001,1.5736,0.38743,3.1561,3.6135,0.017274,0.034801,0.061,2.6751
2026-02-25,0.007093,1.573,0.3887,3.1521,3.6094,0.017159,0.034899,0.061,2.6742
2026-02-26,0.0070925,1.5728,0.38926,3.1505,3.6136,0.017061,0.034942,0.0609,2.674
2026-02-27,0.0070877,1.5729,0.39086,3.1544,3.6191,0.017142,0.034738,0.0609,2.6741
2026-02-28,0.007096,1.5741,0.3901,3.1581,3.6066,0.017157,0.034619,0.0609,2.6759
2026-03-03,0.0071407,1.5836,0.39121,3.1606,3.6065,0.017162,0.034826,0.0612,2.6922
2026-03-05,0.0072145,1.6019,0.39487,3.1695,3.6431,0.0173229999999999,0.035031,0.062,2.7234
2026-03-06,0.007265,1.6129,0.39774,3.1833,3.658,0.017435,0.034926,0.0623,2.7419
2026-03-07,0.0072511,1.6094,0.39608,3.1677,3.6465,0.017332,0.034602,0.0621,2.7362
2026-03-10,0.0072691,1.6157,0.3972,3.1755,3.6642,0.017338,0.035149,0.0623,2.747
2026-03-11,0.0072737,1.6139,0.39909,3.1924,3.6893,0.017386,0.034831,0.0623,2.7438
2026-03-12,0.0072247,1.6058,0.39749,3.1695,3.6694,0.0172459999999999,0.034422,0.0619,2.73
2026-03-13,0.0072427,1.607,0.39765,3.1564,3.6575,0.01721,0.03451,0.0619,2.7321
2026-03-14,0.0072253,1.6053,0.39571,3.1261,3.6173,0.017116,0.033817,0.0618,2.729
2026-03-17,0.0072423,1.6097,0.39703,3.1382,3.63,0.0171839999999999,0.033761,0.0619,2.7365
2026-03-18,0.0072028,1.6014,0.39518,3.1336,3.6286,0.017113,0.033205,0.0616,2.7223
2026-03-19,0.0072005,1.5994,0.39556,3.1376,3.6311,0.0171009999999999,0.032755,0.0615,2.7189
2026-03-20,0.0072223,1.6038,0.39533,3.1283,3.6196,0.017128,0.031948,0.0615,2.7264
2026-03-21,0.0072049,1.6019,0.39521,3.1471,3.6424,0.017154,0.032463,0.0615,2.7231
2026-03-24,0.0072011,1.6014,0.3939,3.1274,3.6095,0.017058,0.03315,0.0614,2.7223
2026-03-25,0.0071925,1.598,0.3942,3.1483,3.6408,0.017115,0.03371,0.0613,2.7166
2026-03-26,0.0071438,1.5931,0.39244,3.1402,3.6286,0.017032,0.033462,0.061,2.7075
2026-03-27,0.0071689,1.5926,0.3919,3.1277,3.6141,0.016967,0.032896,0.061,2.7066
2026-03-28,0.0071608,1.5901,0.39109,3.1114,3.5949,0.016896,0.033136,0.0608,2.7025
2026-03-31,0.0071235,1.5881,0.39065,3.1032,3.5726,0.016919,0.033315,0.0607,2.6998
2026-04-01,0.0071525,1.5892,0.39102,3.0967,3.5657,0.016911,0.033236,0.0607,2.7015
2026-04-02,0.0071468999999999,1.5879,0.39263,3.1318,3.5948,0.0170209999999999,0.033536,0.0607,2.6994
2026-04-03,0.0071456,1.5876,0.39131,3.1083,3.5609,0.016906,0.033612,0.0607,2.6989
2026-04-04,0.007152,1.5871,0.39209,3.115,3.5707,0.016906,0.033704,0.0605,2.6981
2026-04-07,0.007141,1.5868,0.39195,3.114,3.5718,0.016913,0.034222,0.0605,2.6975
2026-04-08,0.0071639,1.5868,0.39293,3.1153,3.5711,0.0168819999999999,0.034211,0.0605,2.697
2026-04-09,0.0071559,1.5865,0.39482,3.1519,3.6238,0.0170209999999999,0.034321,0.0606,2.6965
2026-04-15,0.0071949,1.5862,0.39557,3.18,3.6546,0.016974,0.035752,0.0603,2.6963
2026-04-16,0.0071935,1.5856,0.39508,3.1757,3.6539,0.0169619999999999,0.035814,0.0602,2.6954
2026-04-17,0.0071885,1.5851,0.39501,3.1734,3.6485,0.01694,0.035344,0.0602,2.6946
2026-04-18,0.0071895,1.5848,0.39479,3.1771,3.6439,0.016927,0.035389,0.06,2.6936
2026-04-21,0.0072176,1.5845,0.39498,3.1687,3.6395,0.016944,0.035803,0.06,2.6931
2026-04-22,0.0072216,1.5849,0.39519,3.1679,3.6385,0.016922,0.0359839999999999,0.06,2.6938
2026-04-23,0.0072325,1.5849,0.3947299999999999,3.1652,3.642,0.016913,0.035959,0.06,2.6938
2026-04-24,0.0072166,1.5845,0.3941,3.1464,3.6334,0.016861,0.035993,0.06,2.6936
2026-04-25,0.0072397999999999,1.5842,0.39397,3.1505,3.6329,0.016864,0.035713,0.0598,2.6932
2026-04-28,0.0072588,1.5841,0.39476,3.1627,3.6509,0.016922,0.0359629999999999,0.0598,2.693
2026-04-29,0.0072525,1.5838,0.39384,3.1481,3.6314,0.016867,0.0359,0.0598,2.6925
2026-04-30,0.0072561,1.5836,0.39391,3.1499,3.6358,0.016847,0.035906,0.0597,2.692
2026-05-01,0.0072622,1.5833,0.39422,3.15,3.6369,0.017051,0.03598,0.0596,2.6916
2026-05-02,0.0072612,1.5828,0.39403,3.1593,3.6611,0.017185,0.03588,0.0596,2.6908
2026-05-05,0.0072553,1.5824,0.3939,3.1499,3.6451,0.017127,0.03564,0.0595,2.6899
2026-05-06,0.0072583,1.5819,0.3938,3.1431,3.642,0.01706,0.035648,0.0595,2.6892
2026-05-07,0.0072755,1.5812,0.39466,3.1684,3.6639,0.017251,0.035974,0.0594,2.6883
2026-05-08,0.0072621,1.5808,0.3951,3.1636,3.6621,0.0171869999999999,0.035985,0.0594,2.6874
2026-05-09,0.0072664999999999,1.5802,0.3949,3.16,3.6552,0.017135,0.036173,0.0592,2.6859
2026-05-12,0.0072695999999999,1.579,0.3949399999999999,3.1594,3.648,0.017083,0.03628,0.0592,2.6843
2026-05-14,0.0072678,1.5776,0.39488,3.1404,3.6245,0.016991,0.036573,0.059,2.6818
2026-05-15,0.0072756,1.5769,0.395,3.1374,3.6215,0.016971,0.036596,0.059,2.6802
2026-05-16,0.0072747,1.5761,0.39367,3.1201,3.5838,0.016912,0.036662,0.0588,2.6789
2026-05-19,0.0072755,1.575,0.39368,3.1146,3.5759,0.016847,0.03692,0.0587,2.6774
2026-05-20,0.0072712,1.5743,0.39316,3.1079,3.5848,0.016811,0.03768,0.0587,2.6758
2026-05-21,0.0072644,1.5739,0.39318,3.1034,3.5838,0.016826,0.037598,0.0587,2.6751
2026-05-22,0.0073087,1.5736,0.39327,3.1043,3.5907,0.016811,0.03783,0.0586,2.675
2026-05-23,0.0072773,1.5733,0.3935099999999999,3.102,3.5904,0.016807,0.037531,0.0585,2.6744
2026-05-26,0.0072714,1.5726,0.3939499999999999,3.1124,3.6067,0.016819,0.037466,0.0585,2.6732
2026-05-28,0.0072523,1.5715,0.39397,3.1095,3.5909,0.016762,0.037529,0.0582,2.6716
2026-05-29,0.0072553999999999,1.5711,0.3939,3.1003,3.5762,0.01675,0.0375999999999999,0.0582,2.6708
2026-05-30,0.0072486,1.5702,0.39444,3.1079,3.5803,0.01676,0.037655,0.0582,2.6693
2026-06-02,0.0072288,1.5693,0.39427,3.1071,3.591,0.016728,0.037161,0.0581,2.6673
2026-06-03,0.0072321999999999,1.5685,0.39422,3.1043,3.5911,0.016691,0.036659,0.058,2.666
2026-06-04,0.0072242,1.5681,0.39368,3.096,3.5843,0.016674,0.036337,0.058,2.6653
2026-06-05,0.0072287,1.5677,0.3933399999999999,3.0996,3.5819,0.016667,0.035985,0.058,2.6647
2026-06-06,0.0072239,1.5672,0.39367,3.1012,3.59,0.0166569999999999,0.036306,0.0578,2.6638
2026-06-09,0.0072226999999999,1.5665,0.39243,3.0683,3.5518,0.016642,0.0363249999999999,0.0578,2.6625
2026-06-10,0.0072143,1.5651,0.39291,3.0779,3.5643,0.016613,0.03711,0.0577,2.6607
2026-06-11,0.007214,1.5646,0.3923,3.0723,3.5619,0.016572,0.036969,0.0576,2.6593
2026-06-12,0.0072121,1.5639,0.3922299999999999,3.0646,3.5514,0.016561,0.036919,0.0576,2.6586
2026-06-13,0.0072096999999999,1.5636,0.39299,3.0768,3.5658,0.0166,0.036692,0.0574,2.6577
2026-06-16,0.0072133,1.5625,0.39307,3.0848,3.5674,0.016592,0.036654,0.0574,2.6563
2026-06-17,0.007206,1.5623,0.3930099999999999,3.0835,3.5646,0.016566,0.036734,0.0574,2.6554
2026-06-18,0.0072008,1.5614,0.39274,3.0787,3.5605,0.016567,0.036482,0.0573,2.6543
2026-06-19,0.0071986,1.5607,0.39184,3.0408,3.5101,0.016483,0.036199,0.0571,2.6527
2026-06-20,0.0071915,1.5594,0.39161,3.0377,3.5061,0.016433,0.036236,0.0571,2.6505
2026-06-23,0.0071938,1.5583,0.39089,3.0351,3.5077,0.0163789999999999,0.035959,0.057,2.6487
2026-06-24,0.0071915,1.5576,0.3903,3.02,3.5004,0.016404,0.035526,0.057,2.648
2026-06-25,0.0071848,1.5575,0.38871,3.0026,3.4838,0.016373,0.035396,0.0569,2.6473
2026-06-26,0.0071899,1.5572,0.38926,3.0033,3.4853,0.016353,0.035157,0.0569,2.6468
2026-06-27,0.0071956,1.5566,0.38915,3.0177,3.498,0.016373,0.034052,0.0568,2.6462
2026-06-30,0.0071842,1.5561,0.38934,3.0156,3.4952,0.016341,0.034078,0.0567,2.6453
2026-07-01,0.0071908,1.5558,0.38967,3.0141,3.4996,0.016288,0.033893,0.0567,2.6444
2026-07-02,0.0071871999999999,1.555,0.38902,3.0123,3.5029,0.016246,0.033898,0.0566,2.6431
2026-07-03,0.0071793,1.5546,0.3890699999999999,3.0144,3.5221,0.01637,0.034007,0.0566,2.6424
2026-07-04,0.0071733,1.5541,0.38934,3.0237,3.528,0.016395,0.034214,0.0564,2.6415
2026-07-07,0.0071894,1.5532,0.38858,3.0147,3.5222,0.016267,0.033999,0.0564,2.6403
2026-07-08,0.0071841,1.5528,0.38849,3.0167,3.5324,0.0163,0.034624,0.0563,2.6393
2026-07-09,0.0071866,1.5521,0.38805,3.0109,3.5238,0.016243,0.034459,0.0563,2.6384
2026-07-10,0.0071744,1.5518,0.38818,3.014,3.5354,0.0162369999999999,0.034632,0.0563,2.6376
2026-07-11,0.0071757999999999,1.5515,0.38919,3.0147,3.539,0.016301,0.034449,0.0561,2.6371
2026-07-14,0.0071774,1.5506,0.38883,3.0128,3.5292,0.01626,0.034331,0.0561,2.6359
2026-07-15,0.00718,1.55,0.38856,3.0026,3.5248,0.016241,0.034026,0.056,2.635
2026-07-16,0.0071830999999999,1.5497,0.38876,3.0072,3.5275,0.016222,0.033816,0.056,2.6344
2026-07-17,0.0071862,1.5493,0.38905,3.0191,3.5568,0.016238,0.033776,0.056,2.6333
2026-07-18,0.0071857,1.5489,0.38826,3.01,3.5362,0.016211,0.033603,0.0558,2.6327
2026-07-21,0.0071849999999999,1.548,0.38871,3.0089,3.5449,0.016204,0.033609,0.0558,2.6315
2026-07-22,0.0071835,1.5472,0.38864,3.0044,3.5293,0.016166,0.033461,0.0557,2.6301
2026-07-23,0.0071756,1.5467,0.3881,2.9984,3.5139,0.016125,0.0335219999999999,0.0557,2.629
2026-07-24,0.0071768,1.5464,0.38817,2.9975,3.5122,0.016088,0.033513,0.0556,2.6285
2026-07-25,0.0071768,1.5463,0.38807,2.9931,3.5025,0.016051,0.033635,0.0555,2.6285
2026-07-28,0.0071769,1.5459,0.38834,2.9955,3.5027,0.016067,0.033666,0.0555,2.6281
2026-07-29,0.00717,1.5459,0.38794,2.9849,3.4892,0.016028,0.0334589999999999,0.0555,2.6278
2026-07-30,0.0071781,1.5457,0.38819,2.9916,3.4923,0.016051,0.03312,0.0554,2.6272
2026-07-31,0.007174,1.5453,0.38876,3.0159,3.5202,0.016142,0.032807,0.0554,2.6266
2026-08-01,0.0071599,1.5447,0.38896,3.0206,3.5308,0.016413,0.03301,0.0553,2.6259
2026-08-04,0.0071719,1.5441,0.38866,3.0239,3.5323,0.016721,0.032852,0.0552,2.6249
2026-08-05,0.0071654,1.544,0.3884599999999999,3.0219,3.5284,0.016627,0.032557,0.0552,2.6239
2026-08-06,0.0071638,1.543,0.38854,3.026,3.5315,0.016626,0.03234,0.0551,2.6229
2026-08-07,0.007161,1.5426,0.38849,3.0264,3.5296,0.016612,0.032281,0.0551,2.6223
2026-08-08,0.0071612,1.542,0.38824,3.0212,3.5216,0.016558,0.032024,0.0549,2.621
2026-08-11,0.0071287,1.5411,0.38842,3.0274,3.5365,0.016499,0.031687,0.0549,2.6198
2026-08-12,0.0071317,1.5409,0.38826,3.0214,3.536,0.016446,0.031846,0.0549,2.6191
2026-08-13,0.0071533,1.5401,0.38819,3.0205,3.5397,0.016453,0.031583,0.0548,2.6181
2026-08-14,0.0071457,1.5396,0.38807,3.0191,3.5318,0.016426,0.031286,0.0548,2.6171
2026-08-15,0.0071432,1.5389,0.38803,3.0233,3.5395,0.016437,0.031105,0.0546,2.6162
2026-08-18,0.0071575,1.5384,0.3880599999999999,3.0315,3.5462,0.016431,0.030686,0.0546,2.6152
2026-08-19,0.0071288,1.5379,0.38764,3.0265,3.5374,0.016371,0.03075,0.0546,2.6145
2026-08-20,0.0071635,1.5375,0.3879,3.0349,3.5454,0.016433,0.030773,0.0545,2.6138
2026-08-21,0.007154,1.5371,0.38866,3.0575,3.566,0.0164969999999999,0.031383,0.0545,2.613
2026-08-22,0.0071587,1.5369,0.38864,3.0585,3.5684,0.016472,0.031509,0.0544,2.6125
2026-08-25,0.0071535,1.5366,0.38849,3.0465,3.5598,0.01641,0.03136,0.0543,2.6121
2026-08-26,0.0071456,1.5384,0.3891,3.05,3.5665,0.0164209999999999,0.030978,0.0544,2.6153
2026-08-27,0.007184,1.5409,0.38974,3.0551,3.568,0.016468,0.031118,0.0544,2.6195
2026-08-28,0.0071651999999999,1.537,0.38868,3.0412,3.547,0.016382,0.030496,0.0543,2.6125
2026-09-01,0.0071782,1.5389,0.3892,3.0333,3.5407,0.016374,0.030261,0.0542,2.6156
2026-09-02,0.0072066,1.5441,0.39047,3.0424,3.5527,0.016396,0.030264,0.0544,2.625
2026-09-03,0.0071905,1.5416,0.38978999999999997,3.0314,3.5322,0.016388,0.030184000000000002,0.0543,2.6205
2026-09-04,0.0071848,1.5403,0.38957,3.0366,3.5309,0.016735,0.030203999999999998,0.0542,2.618
2026-09-05,0.0071798,1.537,0.38931,3.0364,3.5359,0.016714,0.030189,0.0539,2.6126
2026-09-08,0.0071832,1.537,0.38931,3.0374,3.5377,0.016894,0.030271,0.0539,2.6128
2026-09-09,0.0071814999999999995,1.5362,0.38914,3.0318,3.5317,0.016937,0.030289,0.0539,2.6114
2026-09-10,0.0071783,1.5356,0.38935,3.0364,3.535,0.017004,0.030513,0.0538,2.6104
